"Brand,""Sottobrand"",""Tipologia"",""EAN"",""COD."",""Descrizione"",""PZ / CRT"",""listino unitario  2025"",""Prezzo netto"""
"Loctite Super Attak,""Liquidi"",""STD"",""8000776157658"",""2632156"",""LOCTITE Super Attak Original 3g"",""24"",""3.46"",""0"""
"Loctite Super Attak,""Liquidi"",""STD"",""8000776157658"",""2971871"",""LOCTITE Super Attak Original 3g - Ocean"",""24"",""3.46"",""0"""
"Loctite Super Attak,""Liquidi"",""STD"",""8000776157658"",""2907983"",""LOCTITE Super Attak Original 3g - Palbox 96pz"",""96"",""3.46"",""0"""
"Loctite Super Attak,""Liquidi"",""STD"",""8000776157658"",""2632657"",""LOCTITE Super Attak Original 3g - Palbox 144pz"",""144"",""3.46"",""0"""
"Loctite Super Attak,""Liquidi"",""STD"",""8004630905942"",""2632805"",""LOCTITE Super Attak Original Bipack 3g+3g"",""24"",""5.84"",""0"""
"Loctite Super Attak,""Liquidi"",""PROM"",""8004630905942"",""3035441"",""LOCTITE Super Attak Original Bipack 3g+3g - Strip 2x12pz"",""24"",""5.84"",""0"""
"Loctite Super Attak,""Liquidi"",""STD"",""8004630905942"",""2632654"",""LOCTITE Super Attak Original Bipack 3g+3g - Palbox 96pz"",""96"",""5.84"",""0"""
"Loctite Super Attak,""Liquidi"",""STD"",""8000776157665"",""2632228"",""LOCTITE Super Attak Precision 5g"",""24"",""5.18"",""0"""
"Loctite Super Attak,""Liquidi"",""STD"",""8000776157665"",""2633891"",""LOCTITE Super Attak Precision 5g - 2 Strip da 12pz"",""24"",""5.18"",""0"""
"Loctite Super Attak,""Liquidi"",""STD"",""8000776157665"",""2632658"",""LOCTITE Super Attak Precision 5g - Palbox 96pz"",""96"",""5.18"",""0"""
"Loctite Super Attak,""Liquidi"",""STD"",""8000776157665"",""2632653"",""LOCTITE Super Attak Precision 5g - Palbox 144pz"",""144"",""5.18"",""0"""
"Loctite Super Attak,""Liquidi"",""STD"",""8000776281841"",""2632157"",""LOCTITE Super Attak Brush 5g"",""12"",""5.77"",""0"""
"Loctite Super Attak,""Liquidi"",""STD"",""8000776281841"",""2633683"",""LOCTITE Super Attak Brush 5g - 2 Strip da 6pz"",""12"",""5.77"",""0"""
"Loctite Super Attak,""Liquidi"",""STD"",""8000776281841"",""2632656"",""LOCTITE Super Attak Brush 5g - Palbox 72pz"",""72"",""5.77"",""0"""
"Loctite Super Attak,""Liquidi"",""STD"",""8000776164984"",""2631647"",""LOCTITE Super Attak Maxi 10g"",""24"",""9.79"",""0"""
"Loctite Super Attak,""Liquidi"",""STD"",""8004630889563"",""2632807"",""LOCTITE Super Attak Professional 20g"",""12"",""14.72"",""0"""
"Loctite Super Attak,""Liquidi"",""STD"",""8004630883929"",""2632816"",""LOCTITE Super Attak 3g SCUOLA/UFFICIO"",""24"",""3.46"",""0"""
"Loctite Super Attak,""Liquidi"",""STD"",""8004630883929"",""2971886"",""LOCTITE Super Attak 3g Scuola Ufficio Ocean"",""24"",""3.46"",""0"""
"Loctite Super Attak,""Liquidi"",""PROM"",""8004630883929"",""1578034"",""LOCTITE Super Attak 3g SCUOLA UFFICIO - Palbox 96pz"",""96"",""3.46"",""0"""
"Loctite Super Attak,""Liquidi"",""STD"",""8004630883912"",""2632155"",""LOCTITE Super Attak 5g SCUOLA/UFFICIO"",""24"",""5.18"",""0"""
"Loctite Super Attak,""Liquidi"",""STD"",""8004630883912"",""2986111"",""LOCTITE Super Attak 5g Scuola Ufficio Ocean"",""24"",""5.18"",""0"""
"Loctite Super Attak,""Liquidi"",""STD"",""8004630883912"",""2633894"",""LOCTITE Super Attak 5g SCUOLA - 2 Strip da 12pz"",""24"",""5.18"",""0"""
"Loctite Super Attak,""Liquidi"",""STD"",""8004630883912"",""2632652"",""LOCTITE Super Attak 5g SCUOLA - Palbox 96pz"",""96"",""5.18"",""0"""
"Loctite Super Attak,""Liquidi"",""STD"",""8004630919673"",""2631597"",""LOCTITE Super Attak Mini Dosi Liquido 3x1g"",""24"",""3.89"",""0"""
"Loctite Super Attak,""Liquidi"",""STD"",""8004630919673"",""2633895"",""LOCTITE Super Attak Mini Dosi Liquido 3x1g - 2 Strip da 12pz"",""24"",""3.89"",""0"""
"Loctite Super Attak,""Liquidi"",""STD"",""8004630919673"",""2632651"",""LOCTITE Super Attak Mini Dosi Liquido 3x1g - palbox"",""96"",""3.89"",""0"""
"Loctite Super Attak,""Liquidi"",""PROM"",""8004630922918"",""2737514"",""LOCTITE Super Attak Original 2g+2g"",""36"",""4.07"",""0"""
"Loctite Super Attak,""Liquidi"",""PROM"",""8004630922918"",""2624473"",""LOCTITE Super Attak Original 2g+2g – 3 strip da 12pz"",""36"",""4.07"",""0"""
"Loctite Super Attak,""Liquidi"",""PROM"",""8004630922918"",""2746095"",""LOCTITE Super Attak Original 2g+2g – Palbox 108pz"",""108"",""4.07"",""0"""
"Loctite Super Attak,""Liquidi"",""Ad Hoc"",""8004630932719"",""2971881"",""LOCTITE SUPERATTACK Original Trispack 3x2g - OCEAN"",""48"",""6.00"",""0"""
"Loctite Super Attak,""Liquidi"",""Ad Hoc"",""8004630914180"",""2632154"",""LOCTITE Super Attak Super Facile 5g "",""48"",""5.13"",""0"""
"Loctite Super Attak,""Liquidi"",""Ad Hoc"",""8004630914180"",""2797550"",""LOCTITE Super Attak Super Facile 5g  - 4 strip da 12pz"",""48"",""5.13"",""0"""
"Loctite Super Attak,""Liquidi"",""Ad Hoc"",""8004630914180"",""2632655"",""LOCTITE Super Attak Super Facile 5g - Palbox 96pz"",""96"",""5.13"",""0"""
"Loctite Super Attak,""Gel"",""STD"",""8004630917440"",""2954983"",""LOCTITE Super Attak Creative 3g - Ocean"",""12"",""5.67"",""0"""
"Loctite Super Attak,""Gel"",""STD"",""8004630917440"",""2633709"",""LOCTITE Super Attak Creative 3g  - Strip 12pz"",""12"",""5.67"",""0"""
"Loctite Super Attak,""Gel"",""STD"",""8004630917440"",""2632580"",""LOCTITE Super Attak Creative 3g  - Palbox 96pz"",""96"",""5.67"",""0"""
"Loctite Super Attak,""Gel"",""PROM"",""8004630917440"",""2797549"",""LOCTITE Super Attak Creative 3g promo 33% gratis - Palbox 60pz"",""60"",""5.67"",""0"""
"Loctite Super Attak,""Gel"",""STD"",""8004630921386"",""2954132"",""Loctite Super Attak Creative 3g Scuola Ufficio - Ocean"",""12"",""5.67"",""0"""
"Loctite Super Attak,""Gel"",""STD"",""8004630921386"",""2633671"",""LOCTITE Super Attak Creative 3g Scuola Ufficio - Strip 12pz"",""12"",""5.67"",""0"""
"Loctite Super Attak,""Gel"",""STD"",""8004630921386"",""2633176"",""LOCTITE Super Attak Creative 3g Scuola Ufficio - Palbox 96pz"",""96"",""5.67"",""0"""
"Loctite Super Attak,""Gel"",""STD"",""8004630904327"",""2947515"",""LOCTITE Super Attak Power Gel 3g - Ocean"",""24"",""3.93"",""0"""
"Loctite Super Attak,""Gel"",""STD"",""8004630904327"",""2633675"",""LOCTITE Super Attak Power Gel 3g - 2 Strip da 12pz"",""24"",""3.93"",""0"""
"Loctite Super Attak,""Gel"",""STD"",""8004630904327"",""2923199"",""LOCTITE Super Attak Power Gel 3g - Palbox 72pz"",""72"",""3.93"",""0"""
"Loctite Super Attak,""Gel"",""STD"",""8004630904327"",""2632285"",""LOCTITE Super Attak Power Gel 3g - Palbox 96pz"",""96"",""3.93"",""0"""
"Loctite Super Attak,""Gel"",""STD"",""8004630916757"",""2631567"",""LOCTITE Super Attak Power Gel Mini Dosi 3x1g"",""24"",""4.45"",""0"""
"Loctite Super Attak,""Gel"",""STD"",""8004630916757"",""2633892"",""LOCTITE Super Attak Power Gel Mini Dosi 3x1g - 2 Strip da 12pz"",""24"",""4.45"",""0"""
"Loctite Super Attak,""Gel"",""STD"",""8004630904341"",""2632282"",""LOCTITE Super Attak Power Gel Control 3g"",""12"",""5.67"",""0"""
"Loctite Super Attak,""Gel"",""STD"",""8004630931675"",""2943086"",""LOCTITE Super Attak Gel Riposizionabile 3g"",""24"",""4.10"",""0"""
"Loctite Super Attak,""Gel"",""STD"",""8004630931675"",""2968138"",""LOCTITE Super Attak Gel Riposizionabile 3g - 2 strip da 12 pz"",""24"",""4.10"",""0"""
"Loctite Super Attak,""Gel"",""STD"",""8004630931675"",""2968139"",""LOCTITE Super Attak Gel Riposizionabile 3g - Palbox 72 pz"",""72"",""4.10"",""0"""
"Loctite Super Attak,""Speciali"",""STD"",""8000776140414"",""2632280"",""LOCTITE Super Attak Vetro 3g"",""24"",""4.05"",""0"""
"Loctite Super Attak,""Speciali"",""STD"",""8004630888641"",""2632283"",""LOCTITE Super Attak Plastica 2g+4ml"",""12"",""10.77"",""0"""
"Loctite Super Attak,""Speciali"",""STD"",""8000776196183"",""2632233"",""LOCTITE Scollatutto 5g"",""12"",""5.83"",""0"""
"Loctite Super Attak,""Box"",""su commessa"",""8000776157665"",""2633668"",""LOCTITE Super Attak Precision - Palbox Misto 108pz"",""108"","""",""0"""
"Loctite Super Attak,""Box"",""PROM"",""8000776157665"",""2961180"",""LOCTITE Super Attak Mix- Palbox Misto Promo Linea 96pcs "",""96"","""",""0"""
"Loctite Super Attak,""Box"",""PROM"",""8004630935192"",""3035445"",""LOCTITE Super Attack mix: Palbox 72 pz"",""72"",""0.00"",""0"""
"Loctite,""Gel"",""STD"",""8004630916160"",""1978092"",""LOCTITE 60Sec 20g - 12pz"",""12"",""8.27"",""0"""
"Loctite,""Gel"",""STD"",""8004630916160"",""2029102"",""LOCTITE 60Sec 20g - STRIP 12pz"",""12"",""8.27"",""0"""
"Pritt,""Stick"",""STD"",""84155863"",""200040"",""PRITT colla Stick 11g - trays 4x25"",""100"",""1.09"",""0"""
"Pritt,""Stick"",""STD"",""8004630878130"",""2741559"",""PRITT colla Stick 11g  - Ocean "",""12"",""1.70"",""0"""
"Pritt,""Stick"",""STD"",""8004630890903"",""2741401"",""PRITT colla Stick 11g bl 3pz - Ocean "",""12"",""4.69"",""0"""
"Pritt,""Stick"",""STD"",""8004630932979"",""2978875"",""PRITT colla Stick 11g x 5 Ocean"",""12"",""7.43"",""0"""
"Pritt,""Stick"",""STD"",""8004630931118"",""2918338"",""PRITT colla Stick 11g x 2 Standard"",""12"",""3.20"",""0"""
"Pritt,""Stick"",""BTS"",""8004630931118"",""2978629"",""PRITT colla Stick 11g - bl 2 +1pz gratis BTS 2024 Cartone"",""12"",""3.20"",""0"""
"Pritt,""Stick"",""BTS"",""8004630931118"",""1567516"",""PRITT colla Stick 11g - bl 2 +1pz gratis BTS 2024 Palbox"",""144"",""3.20"",""0"""
"Pritt,""Stick"",""BTS"",""8004630890903"",""2628575"",""PRITT colla Stick 11g - bl 3 +2pz gratis BTS 2024 Strip"",""12"",""4.69"",""0"""
"Pritt,""Stick"",""BTS"",""8004630890903"",""1882568"",""PRITT colla Stick 11g - bl 3 +2pz gratis BTS 2024 Palbox Slim"",""60"",""4.69"",""0"""
"Pritt,""Stick"",""BTS"",""8004630890903"",""1567517"",""PRITT colla Stick 11g - bl 3 +2pz gratis BTS 2024 Palbox"",""120"",""4.69"",""0"""
"Pritt,""Stick"",""BTS"",""8004630931293"",""2924430"",""PRITT colla Stick 11g - bl 7pz MAXI OFFERTA Cartone (solo NAM)"",""12"",""8.48"",""0"""
"Pritt,""Stick"",""BTS"",""8004630931293"",""2935375"",""PRITT colla Stick 11g - bl 7pz MAXI OFFERTA Palbox"",""60"",""8.48"",""0"""
"Pritt,""Stick"",""STD"",""84155870"",""199986"",""PRITT colla Stick 22g - trays 3x12"",""36"",""1.73"",""0"""
"Pritt,""Stick"",""STD"",""8004630878154"",""2741300"",""PRITT colla Stick 22g - Ocean"",""12"",""2.69"",""0"""
"Pritt,""Stick"",""STD"",""4015000416566"",""2741299"",""PRITT colla Stick 22g - bl 2pz - Ocean"",""12"",""5.11"",""0"""
"Pritt,""Stick"",""STD"",""4015000416566"",""2796373"",""PRITT colla Stick 22g - bl 2pz MAXI OFFERTA BTS 2024 Cartone"",""12"",""5.11"",""0"""
"Pritt,""Stick"",""BTS"",""4015000416566"",""2924365"",""PRITT colla Stick 22g - bl 2pz MAXI OFFERTA BTS 2024 Palbox "",""156"",""5.11"",""0"""
"Pritt,""Stick"",""STD"",""4015000416566"",""1682209"",""PRITT colla Stick 22g - bl 2pz - 2 Strip da 6pz"",""12"",""5.11"",""0"""
"Pritt,""Stick"",""STD"",""4015000416566"",""1634502"",""PRITT colla Stick 22g - bl 2pz - Palbox 72pz"",""72"",""5.11"",""0"""
"Pritt,""Stick"",""BTS"",""4015000417730"",""2883388"",""PRITT colla Stick 22g - bl 3+1pz gratis BTS 2024 Cartone"",""12"",""8.73"",""0"""
"Pritt,""Stick"",""BTS"",""4015000417730"",""1567514"",""PRITT colla Stick 22g - bl 3+1pz gratis BTS 2024 Palbox"",""120"",""8.73"",""0"""
"Pritt,""Stick"",""STD"",""8004630882472"",""243659"",""PRITT colla Stick 22g PVC 4pz"",""10"",""8.73"",""0"""
"Pritt,""Stick"",""STD"",""8410020008931"",""199990"",""PRITT colla Stick 43g - trays 5x10"",""50"",""2.54"",""0"""
"Pritt,""Stick"",""STD"",""4015000416931"",""2741402"",""PRITT colla Stick 43g bl 2pz - Ocean"",""12"",""6.34"",""0"""
"Pritt,""Stick"",""BTS"",""4015000416931"",""2796238"",""PRITT colla Stick 43g - bl 2pz MAXI OFFERTA BTS 2024 Cartone"",""12"",""6.34"",""0"""
"Pritt,""Stick"",""BTS"",""4015000416931"",""2983376"",""PRITT colla Stick 43g - bl 2pz MAXI OFFERTA BTS 2024 Palbox "",""120"",""6.34"",""0"""
"Pritt,""Stick"",""PROM"",""4015000416566"",""2765928"",""PRITT colla Stick 2x22g+1x10g Fun Color Verde "",""12"",""5.11"",""0"""
"Pritt,""Stick"",""BTS"",""8004630934676"",""3026167"",""PRITT Stick 11g - bl 2 +1pz gratis BTS 2025 Cartone"",""12"",""3.20"",""0"""
"Pritt,""Stick"",""BTS"",""8004630934676"",""3045450"",""PRITT Stick 11g - bl 2 +1pz gratis BTS 2025 Palbox"",""144"",""3.20"",""0"""
"Pritt,""Stick"",""BTS"",""8004630934713"",""3026213"",""PRITT Stick 11g - bl 3 +2pz gratis BTS 2025 Cartone"",""12"",""4.69"",""0"""
"Pritt,""Stick"",""BTS"",""8004630934713"",""3045259"",""PRITT Stick 11g - bl 3 +2pz gratis BTS 2025 Strip"",""12"",""4.69"",""0"""
"Pritt,""Stick"",""BTS"",""8004630934713"",""3045449"",""PRITT Stick 11g - bl 3 +2pz gratis BTS 2025 Palbox Slim"",""60"",""4.69"",""0"""
"Pritt,""Stick"",""BTS"",""8004630934713"",""3045448"",""PRITT Stick 11g - bl 3 +2pz gratis  BTS 2025 Palbox"",""120"",""4.69"",""0"""
"Pritt,""Stick"",""PROM"",""8004630931293"",""2924430"",""PRITT colla Stick 11g - bl 7pz MAXI OFFERTA Cartone (solo NAM)"",""12"",""8.48"",""0"""
"Pritt,""Stick"",""PROM"",""8004630931293"",""2935375"",""PRITT colla Stick 11g - bl 7pz MAXI OFFERTA Palbox"",""60"",""8.48"",""0"""
"Pritt,""Stick"",""PROM"",""4015000416566"",""2796373"",""PRITT Stick 22g - bl 2pz MAXI OFFERTA BTS 2025 Cartone"",""12"",""5.11"",""0"""
"Pritt,""Stick"",""PROM"",""4015000416566"",""2924806"",""PRITT Stick 22g - bl 2pz MAXI OFFERTA BTS 2025 Strip "",""12"",""5.11"",""0"""
"Pritt,""Stick"",""PROM"",""4015000416566"",""2924807"",""PRITT Stick 22g - bl 2pz MAXI OFFERTA BTS 2025 Palbox Slim "",""72"",""5.11"",""0"""
"Pritt,""Stick"",""PROM"",""4015000416566"",""2924365"",""PRITT Stick 22g - bl 2pz MAXI OFFERTA BTS 2025 Palbox "",""156"",""5.11"",""0"""
"Pritt,""Stick"",""PROM"",""4015000417730"",""2883388"",""PRITT Stick 22g - bl 3+1pz gratis BTS 2025 Cartone"",""12"",""8.73"",""0"""
"Pritt,""Stick"",""PROM"",""4015000417730"",""1567514"",""PRITT Stick 22g - bl 3+1pz gratis BTS 2025 Palbox"",""120"",""8.73"",""0"""
"Pritt,""Stick"",""STD"",""8004630878178"",""2765925"",""PRITT Stick 43g - bl 1pz Cartone"",""12"",""3.80"",""0"""
"Pritt,""Stick"",""STD"",""8004630878178"",""674295"",""PRITT Stick 43g - bl 1pz Palbox"",""120"",""3.80"",""0"""
"Pritt,""Stick"",""PROM"",""4015000416931"",""2796238"",""PRITT Stick 43g - bl 2pz MAXI OFFERTA BTS 2025 Cartone"",""12"",""6.34"",""0"""
"Pritt,""Stick"",""PROM"",""4015000416931"",""2983376"",""PRITT colla Stick 43g - bl 2pz MAXI OFFERTA BTS 2025 Palbox "",""120"",""6.34"",""0"""
"Pritt,""Stick"",""STD"",""8004630878178"",""2765925"",""PRITT Stick 43g - bl 1pz Cartone"",""12"",""3.80"",""0"""
"Pritt,""Stick"",""STD"",""8004630878178"",""674295"",""PRITT Stick 43g - bl 1pz Palbox"",""120"",""3.80"",""0"""
"Pritt,""Speciali"",""STD"",""5010305204138"",""2776968"",""PRITT colla Stick Fun Colors 10g - bl 4 pz  Cartone"",""12"",""6.51"",""0"""
"Pritt,""Speciali"",""STD"",""5010305204138"",""2332577"",""PRITT colla stick Fun Colors 10g - bl 4 pz Strip"",""12"",""6.51"",""0"""
"Pritt,""Speciali"",""STD"",""4015000435710"",""2744164"",""PRITT colla Stick Glitter 20g - bl 2 pz  Cartone"",""12"",""5.72"",""0"""
"Pritt,""Colla Roller"",""STD"",""4015000438377"",""2755698"",""PRITT Colla Roller Compact Permanente 8,4mm - Ocean"",""10"",""3.85"",""0"""
"Pritt,""Vinilica"",""STD"",""8004630898251"",""1869964"",""PRITT Colla Vinilica Universale 100 g Cartone "",""24"",""1.63"",""0"""
"Pritt,""Vinilica"",""STD"",""8004630898282"",""1869963"",""PRITT Colla Vinilica Universale 250 g Cartone"",""24"",""2.59"",""0"""
"Pritt,""Vinilica"",""STD"",""8004630898312"",""1869962"",""PRITT Colla Vinilica Universale 1000 g Cartone"",""12"",""7.43"",""0"""
"Pritt,""Attaccatutto"",""STD"",""8004630017119"",""2755564"",""PRITT colla Universale 20g - Ocean"",""12"",""1.86"",""0"""
"Pritt,""Multitack"",""STD"",""4015000416481"",""2679462"",""PRITT Multitack blister 55 gommini + 50% gratis Cartone"",""24"",""2.43"",""0"""
"Pritt,""Correttore"",""STD"",""5410091323813"",""2751848"",""PRITT correttore Compact 4,2mm singolo"",""10"",""3.75"",""0"""
"Pritt,""Correttore"",""STD"",""3178041321204"",""2755566"",""PRITT correttore Roller Compact 4,2mm bl2 - Ocean"",""10"",""7.10"",""0"""
"Pritt,""Correttore"",""PROM"",""3178041321204"",""2208783"",""PRITT correttore Roller Compact 4,2mm - bl 2 pz BTS 2025 Palbox"",""120"",""7.10"",""0"""
"Pritt,""Correttore"",""STD"",""5410091323820"",""2753732"",""PRITT correttore Roller Compact 6mm bl1 - Ocean"",""10"",""3.87"",""0"""
"Pritt,""Correttore"",""STD"",""5410091323868"",""2755700"",""PRITT correttore Roller ECO Flex 4,2mm bl1 - Cartone"",""10"",""3.95"",""0"""
"Pritt,""Correttore"",""STD"",""8004630887460"",""2754285"",""PRITT correttore Roller Mini 4,2mm 7m bl1 - Ocean"",""10"",""3.06"",""0"""
"Pritt,""Correttore"",""STD"",""4015000416177"",""2679487"",""PRITT correttore Roller Mini 4,2mm 7m astuccio"",""10"",""1.95"",""0"""
"Pritt,""Correttore"",""STD"",""4015000416160"",""2747576"",""PRITT correttore Micro Rolly 5mmx6m - bl 3pz - Ocean "",""10"",""5.35"",""0"""
"Pritt,""Correttore"",""PROM"",""4015000416160"",""2799590"",""PRITT correttore Roller Micro rolly  - bl 2+1 pz BTS 2025 Cartone"",""10"",""5.35"",""0"""
"Pritt,""Correttore"",""PROM"",""4015000417792"",""2883352"",""PRITT correttore Roller Mini - bl 2+1 pz BTS 2025 Cartone"",""10"",""5.73"",""0"""
"Pritt,""Correttore"",""PROM"",""4015000417792"",""1567169"",""PRITT correttore Roller Mini - bl 2+1 pz BTS 2025 Palbox"",""120"",""5.73"",""0"""
"Pritt,""Correttore"",""STD"",""5410091323981"",""2679535"",""PRITT correttore Roller Refill System 4,2mm - astuccio"",""5"",""6.36"",""0"""
"Pritt,""Correttore"",""STD"",""4015000438988"",""2679536"",""PRITT correttore Roller Refill 4,2mm astuccio"",""10"",""3.63"",""0"""
"Pritt,""Correttore"",""PROM"",""3178041321204"",""2799621"",""PRITT correttore Roller Compact 4,2mm - bl 2 pz BTS 2025 Cartone"",""10"",""7.10"",""0"""
"Pritt,""Correttore"",""PROM"",""3178041321204"",""2208783"",""PRITT correttore Roller Compact 4,2mm - bl 2 pz BTS 2025 Palbox"",""120"",""7.10"",""0"""
"Pritt,""Correttore"",""PROM"",""8004630887460"",""2746824"",""PRITT correttore Roller Mini (Glitter version) bl1 - Cartone "",""10"",""3.06"",""0"""
"Pritt,""Correttore"",""PROM"",""8004630887460"",""2254032"",""PRITT correttore Roller Mini (Glitter version) - bl 1pz Strip"",""10"",""3.06"",""0"""
"Pritt,""Corretore  Liquido"",""STD"",""4015000436724"",""2679509"",""PRITT correttore Pocket Pen 8ml - espo 10"",""10"",""1.47"",""0"""
"Pritt,""Corretore  Liquido"",""STD"",""8004630907113"",""2754283"",""PRITT correttore Pocket Pen 8ml - bl 2 special price -  Cartone 12pz "",""12"",""3.46"",""0"""
"Pritt,""Corretore  Liquido"",""STD"",""8004630907113"",""1682212"",""PRITT correttore a penna 8ml special price - bl 2 pz Strip"",""12"",""3.46"",""0"""
"Pritt,""Corretore  Liquido"",""PROM"",""8004630907083"",""2765927"",""PRITT correttore a penna 8ml - bl 2+2 gratis - Cartone 12pz"",""12"",""4.91"",""0"""
"Pritt,""Corretore  Liquido"",""PROM"",""8004630907083"",""1567181"",""PRITT correttore a penna 8ml offerta - bl 2+2 pz Palbox"",""144"",""4.91"",""0"""
"Pritt,""Box mix"",""PROM"",""8004630934713"",""2022534"",""PRITT BTS 2023 - palbox misto DO 152pz"",""152"","""",""0"""
"Pritt,""Box mix"",""PROM"",""8004630934713"",""2485499"",""PRITT Palbox MISTO Colle e Correttori 80pz "",""80"","""",""0"""
"Pritt,""Box mix"",""PROM"",""4015000416566"",""3020077"",""PRITT PALBOX MISTO BTS  2025 - 80 pz"",""80"","""",""0"""
"Pritt,""Box mix"",""Ad Hoc"",""8004630900466"",""2499503"",""PRITT Stick + LSA 3g Pbox 84pz"",""84"","""",""0"""
"Ariasana,""Kit"",""STD"",""8004630899173"",""2025893"",""ARIASANA Power Tab Kit Micro PERLA 300g"",""6"",""10.87"",""0"""
"Ariasana,""Kit"",""STD"",""8004630918942"",""2631266"",""ARIASANA Aero 360 Kit 2x450g - MAXI PROMO 1+1 Gratis"",""6"",""12.75"",""0"""
"Ariasana,""Kit"",""STD"",""8004630911288"",""2626324"",""ARIASANA Aero 360 kit 450g"",""6"",""12.75"",""0"""
"Ariasana,""Kit"",""STD"",""8004630914494"",""2628446"",""ARIASANA Aero 360 Pure kit 450g"",""6"",""12.75"",""0"""
"Ariasana,""Kit"",""STD"",""8004630920822"",""2366100"",""ARIASANA Aero 360 BAGNO kit 450g"",""6"",""12.75"",""0"""
"Ariasana,""Kit"",""BOX"",""8004630920822"",""3008810"",""ARIASANA Aero 360 Kit Bagno  450g - Palbox 30pz"",""30"",""12.75"",""0"""
"Ariasana,""Kit"",""PROM"",""8004630921799"",""2631639"",""ARIASANA Aero 360 kit Lavanda 450g"",""6"",""12.75"",""0"""
"Ariasana,""Box"",""BOX"",""8004630911288"",""3008788"",""ARIASANA Aero 360 Kit Standard + Ric. Singole (Inod.+Lav.) - Palbox 60pz"",""60"",""0.00"",""0"""
"Ariasana,""Box"",""BOX"",""8004630911288"",""3008786"",""ARIASANA Aero 360 Kit Standard + Ric. Bipacchi (Inod.+Lav.) - Palbox 60pz"",""60"",""0.00"",""0"""
"Ariasana,""Kit"",""STD"",""8004630906666"",""2559753"",""ARIASANA Kit Mini Inodore 450g"",""12"",""10.08"",""0"""
"Ariasana,""Tab"",""STD"",""8004630901449"",""920587"",""ARIASANA Power Tab Micro Antiodore 300g"",""12"",""3.99"",""0"""
"Ariasana,""Tab"",""STD"",""8004630917969"",""2091262"",""ARIASANA Power Tab Micro Fruit Energy 300g"",""12"",""3.99"",""0"""
"Ariasana,""Tab"",""STD"",""8004630917945"",""2091261"",""ARIASANA Power Tab Micro Lavanda Relax 300g"",""12"",""3.99"",""0"""
"Ariasana,""Tab"",""STD"",""8004630911363"",""1680991"",""ARIASANA Aero 360 Tab Inodore 450g"",""12"",""5.32"",""0"""
"Ariasana,""Tab"",""BOX"",""8004630911363"",""3008791"",""ARIASANA Aero 360 Tab Inodore 450g - Palbox 96pz"",""96"",""5.32"",""0"""
"Ariasana,""Tab"",""PROM"",""8004630914807"",""2277589"",""ARIASANA Aero Tab Inodore 2x450g"",""12"",""10.61"",""0"""
"Ariasana,""Tab"",""STD"",""8004630922215"",""2552648"",""ARIASANA Aero 360 Tab Inodore Tripack 3x450g"",""8"",""15.64"",""0"""
"Ariasana,""Tab"",""STD"",""4015000437707"",""2631296"",""ARIASANA Aero 360 Tab Lavanda Relax 450g"",""12"",""5.32"",""0"""
"Ariasana,""Tab"",""STD"",""4015000437707"",""2547774"",""ARIASANA Aero 360 Tab Lavanda Relax 450g - Palbox 96pz"",""96"",""5.32"",""0"""
"Ariasana,""Tab"",""BOX"",""4015000437707"",""3008818"",""ARIASANA Aero 360 Tab Lavanda Relax 450g - Palbox 96pz"",""96"",""5.32"",""0"""
"Ariasana,""Tab"",""STD"",""8004630921447"",""2631307"",""ARIASANA Aero 360 Tab Lavanda Relax BiPack 2x450g "",""12"",""10.61"",""0"""
"Ariasana,""Tab"",""PROM"",""8004630931477"",""2927564"",""ARIASANA Aero 360 Tab Lavanda Relax Tripack 3x450g"",""8"",""15.64"",""0"""
"Ariasana,""Tab"",""STD"",""4015000437592"",""2631302"",""ARIASANA Aero 360 Tab Fiori di campo 450g"",""12"",""5.32"",""0"""
"Ariasana,""Tab"",""STD"",""8004630917983"",""2631309"",""ARIASANA Aero 360 Tab Fresia Bianca e Gelsomino 450g"",""12"",""5.32"",""0"""
"Ariasana,""Tab"",""STD"",""8004630933037"",""2981461"",""ARIASANA Aero 360 Tab Agrumi 450g "",""12"",""5.32"",""0"""
"Ariasana,""Tab"",""STD"",""8004630933372"",""2993885"",""ARIASANA Aero 360 Tab Agrumi Bipack 2x450g "",""12"",""10.61"",""0"""
"Ariasana,""Tab"",""STD"",""mix"",""2551050"",""ARIASANA Aero 360 Aroma Mix - Palbox 60pz"",""60"",""0.00"",""0"""
"Ariasana,""Tab"",""STD"",""8004630911288"",""2626324"",""ARIASANA Aero 360 kit 450g"",""12"",""12.75"",""0"""
"Ariasana,""Tab"",""STD"",""8004630911363"",""1680991"",""ARIASANA Aero 360 Tab Inodore 450g"",""24"",""5.32"",""0"""
"Ariasana,""Tab"",""STD"",""4015000437707"",""2631296"",""ARIASANA Aero 360 Tab Lavanda Relax 450g"",""24"",""5.32"",""0"""
"Ariasana,""Tab"",""STD"",""mix"",""2547553"",""ARIASANA Aero 360 Tab Aroma Mix - Palbox 96pz"",""96"",""0.00"",""0"""
"Ariasana,""Tab"",""STD"",""8004630911363"",""1680991"",""ARIASANA Aero 360 Tab Inodore 450g"",""24"",""5.32"",""0"""
"Ariasana,""Tab"",""STD"",""4015000437707"",""2631296"",""ARIASANA Aero 360 Tab Lavanda Relax 450g"",""24"",""5.32"",""0"""
"Ariasana,""Tab"",""STD"",""8004630917983"",""2631309"",""ARIASANA Aero 360 Tab Fresia Bianca e Gelsomino 450g"",""24"",""5.32"",""0"""
"Ariasana,""Tab"",""STD"",""4015000437592"",""2631302"",""ARIASANA Aero 360 Tab Fiori di campo 450g"",""24"",""5.32"",""0"""
"Ariasana,""Tab"",""PROM"",""8004630921799"",""2631639"",""ARIASANA Aero 360 kit Lavanda 450g"",""6"",""12.75"",""0"""
"Ariasana,""Tab"",""PROM"",""4015000437707"",""2631296"",""ARIASANA Aero 360 Tab Lavanda Relax 450g"",""36"",""5.32"",""0"""
"Ariasana,""Tab"",""PROM"",""8004630918164"",""2091955"",""ARIASANA Minifresh Relax 100g"",""12"",""5.98"",""0"""
"Ariasana,""Tab"",""BOX"",""8004630911363"",""3008790"",""ARIASANA Aero 360 Tab Inod + Lav. 450g - Palbox 96pz"",""96"",""0.00"",""0"""
"Ariasana,""Tab"",""BOX"",""4015000437592"",""3008150"",""ARIASANA Aero 360 Tab Fresia+Agrumi+FioriCampo 450g - Palbox 96pz"",""96"",""0.00"",""0"""
"Ariasana,""Busta"",""STD"",""8004630894451"",""673937"",""ARIASANA Ricarica Inodore 1 busta 450g"",""24"",""2.90"",""0"""
"Ariasana,""Busta"",""STD"",""8004630894536"",""673947"",""ARIASANA Ricarica Lavanda 1 busta 450g"",""24"",""2.90"",""0"""
"Ariasana,""Busta"",""STD"",""8004630894499"",""2772794"",""ARIASANA Ricarica Agrumi di Sicilia 1 busta 450g"",""24"",""2.90"",""0"""
"Ariasana,""Busta"",""STD"",""8004630921157"",""2400730"",""ARIASANA Ricarica Inodore 2+1 busta 450g"",""8"",""8.69"",""0"""
"Ariasana,""Busta"",""STD"",""8004630921164"",""2400731"",""ARIASANA Ricarica Lavanda 2+1 busta 450g"",""8"",""8.69"",""0"""
"Ariasana,""Busta"",""STD"",""8004630921188"",""2772667"",""ARIASANA Ricarica Agrumi di Sicilia 2+1 busta 450g"",""8"",""8.69"",""0"""
"Ariasana,""Busta"",""STD"",""8004630889389"",""243604"",""ARIASANA Ricarica Classica 5 buste da 450g"",""6"",""13.11"",""0"""
"Ariasana,""Piccoli Spazi"",""STD"",""8004630903375"",""1069048"",""ARIASANA Profumì Guzzini Balsamica 45g"",""12"",""6.42"",""0"""
"Ariasana,""Piccoli Spazi"",""STD"",""8004630903412"",""1069050"",""ARIASANA Profumì Guzzini Lavanda 45g"",""12"",""6.42"",""0"""
"Ariasana,""Piccoli Spazi"",""STD"","""",""3042491"",""Ariasana Strip Guzzini 6 x 45g *2 IT"",""12"",""6.42"",""0"""
"Ariasana,""Piccoli spazi"",""STD"",""8004630918089"",""2092177"",""ARIASANA Minifresh Comfort 100g"",""12"",""5.98"",""0"""
"Ariasana,""Piccoli spazi"",""STD"",""8004630918072"",""2093419"",""ARIASANA Minifresh Energy 100g"",""12"",""5.98"",""0"""
"Ariasana,""Piccoli spazi"",""STD"",""8004630918164"",""2091955"",""ARIASANA Minifresh Relax 100g"",""12"",""5.98"",""0"""
"Ariasana,""Piccoli spazi"",""STD"",""mix"",""2108449"",""ARIASANA Minifresh Display Aroma"",""18"",""0.00"",""0"""
"Ariasana,""Piccoli spazi"",""STD"",""8004630918072"",""2093419"",""ARIASANA Minifresh Energy 100g"",""6"",""5.98"",""0"""
"Ariasana,""Piccoli spazi"",""STD"",""8004630918164"",""2091955"",""ARIASANA Minifresh Relax 100g"",""6"",""5.98"",""0"""
"Ariasana,""Piccoli spazi"",""STD"",""8004630918089"",""2092177"",""ARIASANA Minifresh Comfort 100g"",""6"",""5.98"",""0"""
"Ariasana,""Piccoli spazi"",""STD"",""mix"",""2108473"",""ARIASANA Minifresh Aroma Mix - 2 Strip da 6pz"",""12"",""0.00"",""0"""
"Ariasana,""Piccoli spazi"",""STD"",""8004630918072"",""2093419"",""  ARIASANA Minifresh Energy 100g"",""4"",""5.98"",""0"""
"Ariasana,""Piccoli spazi"",""STD"",""8004630918164"",""2091955"",""  ARIASANA Minifresh Relax 100g"",""4"",""5.98"",""0"""
"Ariasana,""Piccoli spazi"",""STD"",""8004630918089"",""2092177"",""  ARIASANA Minifresh Comfort 100g"",""4"",""5.98"",""0"""
"Ariasana,""Piccoli spazi"",""STD"",""mix"",""2699006"",""ARIASANA Minifresh Palbox Misto Aroma"",""72"",""0.00"",""0"""
"Ariasana,""Piccoli spazi"",""STD"",""8004630918072"",""2093419"",""ARIASANA Minifresh Energy 100g"",""12"",""5.98"",""0"""
"Ariasana,""Piccoli spazi"",""STD"",""8004630918164"",""2091955"",""ARIASANA Minifresh Relax 100g"",""48"",""5.98"",""0"""
"Ariasana,""Piccoli spazi"",""STD"",""8004630918089"",""2092177"",""ARIASANA Minifresh Comfort 100g"",""12"",""5.98"",""0"""
"Ariasana,""Antimuffa"",""STD"",""8004630934478"",""3014623"",""ARIASANA SmufferProfessional 375ml*12 IT"",""12"",""7.61"",""0"""
"Ariasana,""Antimuffa"",""STD"",""8004630934478"",""3073488"",""Ariasana Smuffer 375ml * 48 IT"",""48"",""7.61"",""0"""
"Pattex,""Universale"",""STD"",""4015000420105"",""2849337"",""PATTEX 100% Colla 50g - Ocean"",""12"",""6.32"",""0"""
"Pattex,""Universale"",""STD"",""4015000420150"",""2716428"",""PATTEX 100% Colla 100g"",""12"",""8.11"",""0"""
"Pattex,""Millechiodi "",""STD"",""8004630886524"",""1947976"",""PATTEX Millechiodi Forte&Rapido 100g"",""12"",""5.41"",""0"""
"Pattex,""Millechiodi "",""STD"",""8004630886524"",""1760689"",""PATTEX Millechiodi Forte&Rapido 100g - 2 Strip da 6pz"",""12"",""5.41"",""0"""
"Pattex,""Millechiodi "",""STD"",""8004630886524"",""1961615"",""PATTEX Millechiodi Forte&Rapido 100g - Palbox 96pz"",""96"",""5.41"",""0"""
"Pattex,""Millechiodi "",""Ad Hoc"",""8004630886524"",""2717862"",""PATTEX Millechiodi Forte&Rapido 100g - Palbox 60pz"",""60"",""5.41"",""0"""
"Pattex,""Millechiodi "",""STD"",""8004630886548"",""2713276"",""PATTEX Millechiodi Forte&Rapido 250g"",""12"",""8.06"",""0"""
"Pattex,""Millechiodi "",""STD"",""8004630919925"",""2246028"",""PATTEX Millechiodi Forte&Rapido kiwi 260g"",""12"",""10.67"",""0"""
"Pattex,""Millechiodi "",""STD"",""3178040424463"",""1948308"",""PATTEX Millechiodi Forte&Rapido 400g"",""12"",""9.41"",""0"""
"Pattex,""Millechiodi "",""STD"",""3178040424463"",""1962940"",""PATTEX Millechiodi Forte&Rapido 400g - Palbox 48pz"",""48"",""9.41"",""0"""
"Pattex,""Millechiodi "",""STD"",""3178040424463"",""1994592"",""PATTEX Millechiodi Forte&Rapido 400g - espo 12"",""12"",""9.41"",""0"""
"Pattex,""Millechiodi Polimero"",""STD"",""8004630918225"",""2089677"",""PATTEX Millechiodi Forte&Rapido 400g  - Bipack"",""6"",""18.82"",""0"""
"Pattex,""Millechiodi Polimero"",""STD"",""8004630908646"",""2716248"",""PATTEX Millechiodi Esterni e Interni 100g"",""12"",""6.11"",""0"""
"Pattex,""Millechiodi Polimero"",""STD"",""8004630935079"",""3032800"",""PATTEX Millechiodi Resistente all'Acqua 142g "",""12"",""6.11"",""0"""
"Pattex,""Millechiodi Polimero"",""STD"",""8004630908646"",""2676049"",""PATTEX Millechiodi Esterni e Interni 100g - 2 strip da 6pz"",""12"",""6.11"",""0"""
"Pattex,""Millechiodi Polimero"",""STD"",""8004630919222"",""2716530"",""PATTEX Millechiodi Esterni e Interni tubo 340g"",""12"",""9.00"",""0"""
"Pattex,""Millechiodi Polimero"",""STD"",""8004630908660"",""2716411"",""PATTEX Millechiodi Esterni e Interni 450g"",""12"",""11.26"",""0"""
"Pattex,""Legno"",""STD"",""8004630906949"",""2716181"",""PATTEX Millechiodi Legno 100g"",""12"",""5.79"",""0"""
"Pattex,""Legno"",""STD"",""8004630906963"",""2716182"",""PATTEX Millechiodi Legno 200g"",""12"",""7.71"",""0"""
"Pattex,""Millechiodi Polimero"",""STD"",""5410091773670"",""2970810"",""PATTEX Millechiodi Attacca&Stacca 44g"",""12"",""5.99"",""0"""
"Pattex,""Millechiodi Polimero"",""STD"",""5410091773670"",""2993528"",""PATTEX Millechiodi Attacca&Stacca 44g - Strip 2x6pz"",""12"",""5.99"",""0"""
"Pattex,""Millechiodi Polimero"",""STD"",""5410091773670"",""2991180"",""PATTEX Millechiodi Attacca&Stacca 44g - Palbox 60pz"",""60"",""5.99"",""0"""
"Pattex,""Millechiodi Polimero"",""STD"",""8004630915996"",""1974285"",""PATTEX Millechiodi Trasparente 40g"",""12"",""4.80"",""0"""
"Pattex,""Millechiodi Polimero"",""STD"",""3178040671157"",""2713222"",""PATTEX Millechiodi Trasparente 200g"",""12"",""8.65"",""0"""
"Pattex,""Millechiodi Polimero"",""STD"",""3178040671140"",""1948309"",""PATTEX Millechiodi Trasparente 310g"",""12"",""10.32"",""0"""
"Pattex,""Millechiodi Polimero"",""STD"",""8004630921515"",""2449235"",""PATTEX Millechiodi Crystal 90g"",""12"",""6.42"",""0"""
"Pattex,""Millechiodi Polimero"",""STD"",""8004630921515"",""3032799"",""PATTEX Millechiodi Crystal 90g"",""12"",""6.42"",""0"""
"Pattex,""Millechiodi Polimero"",""STD"",""8004630921515"",""2499484"",""PATTEX Millechiodi Crystal 90g - 2 Strip da 6pz"",""12"",""6.42"",""0"""
"Pattex,""Millechiodi Polimero"",""STD"",""8004630921492"",""2708135"",""PATTEX Millechiodi Crystal 290g"",""12"",""9.99"",""0"""
"Pattex,""Millechiodi Polimero"",""STD"",""8004630921966"",""2716810"",""PATTEX Millechiodi Extreme 142g"",""12"",""6.42"",""0"""
"Pattex,""Millechiodi Polimero"",""STD"",""8004630921966"",""3032794"",""PATTEX Millechiodi Oggetti Pesanti (ex extreme) 142g"",""12"",""6.42"",""0"""
"Pattex,""Millechiodi Polimero"",""STD"",""8004630934997"",""3032798"",""PATTEX Millechiodi Extreme 340g (tubo) "",""12"",""9.00"",""0"""
"Pattex,""Millechiodi Polimero"",""STD"",""8004630921980"",""2708148"",""PATTEX Millechiodi Extreme 460g"",""12"",""9.99"",""0"""
"Pattex,""Millechiodi Polimero"",""PROM"",""8004630929184"",""2843254"",""PATTEX MILLECHIODI EXT CTC BIPACK 460gx6"",""6"",""19.98"",""0"""
"Pattex,""Millechiodi Polimero"",""STD"",""8004630925681"",""2720858"",""PATTEX Millechiodi speciale pannelli 850g"",""12"",""9.39"",""0"""
"Pattex,""Millechiodi Polimero"",""STD"",""8004630935093"",""3033043"",""PATTEX MILLECHIODI 3in1"",""12"",""10.49"",""0"""
"Pattex,""Millechiodi"",""PROM"",""8004630913206"",""2713220"",""PATTEX Millechiodi Forte&Rapido 250g + 40%"",""12"",""8.06"",""0"""
"Pattex,""Millechiodi"",""Ad Hoc"",""8004630913206"",""1853777"",""PATTEX Millechiodi Forte&Rapido 250g + 40% - display"",""12"",""8.06"",""0"""
"Pattex,""Box"",""PROM"",""8004630886524"",""2624030"",""PATTEX Millechiodi Cartuccione F&R e Crystal - palbox misto 156pz"",""156"",""0.00"",""0"""
"Pattex,""Millechiodi"",""Ad Hoc"",""8004630913244"",""1813675"",""PATTEX Millechiodi Forte&Rapido 150g"",""12"",""6.45"",""0"""
"Pattex,""Millechiodi"",""Ad Hoc"",""8004630917372"",""2713225"",""PATTEX Millechiodi Forte&Rapido tubo 350gr"",""12"",""8.56"",""0"""
"Pattex,""Millechiodi"",""Ad Hoc"",""8004630921928"",""2490928"",""PATTEX Millechiodi Forte&Rapido 250g Bipack"",""6"",""16.05"",""0"""
"Pattex,""Millechiodi"",""Ad Hoc"",""8004630921942"",""2494807"",""PATTEX Millechiodi Forte&Rapido 400g Tripack"",""4"",""28.24"",""0"""
"Pattex,""Millechiodi Polimero"",""Ad Hoc"",""8004630922932"",""2638831"",""PATTEX Millechiodi Crystal Bipack 2x290g"",""6"",""19.98"",""0"""
"Pattex,""Box"",""su commessa"",""8004630886524"",""2930559"",""PATTEX Millechiodi Forte&Rapido e Re-New – palbox misto 72pz"",""72"",""0.00"",""0"""
"Pattex,""Box"",""STD"",""8004630921980"",""3067802"",""Pattex Millechiodi Polimeri - palbox misto 36 pz "",""36"",""0.00"",""0"""
"Pattex,""Gamma Pro"",""STD"",""8004630932337"",""2961749"",""PATTEX PRO 100 400g"",""12"",""11.17"",""0"""
"Pattex,""Gamma Pro"",""STD"",""8004630932214"",""2960318"",""PATTEX PRO 150 495g"",""12"",""16.75"",""0"""
"Pattex,""Gamma Pro"",""STD"",""8004630932276"",""2960630"",""PATTEX PRO 300 Sigilla & Incolla 410g"",""12"",""12.18"",""0"""
"Pattex,""Gamma Pro"",""STD"",""8004630932139"",""2959873"",""PATTEX PRO 400 Crystal 290g"",""12"",""12.69"",""0"""
"Pattex,""Gamma Pro"",""STD"",""8004630932092"",""2959744"",""PATTEX PRO 500 Express 440g"",""12"",""13.20"",""0"""
"Pattex,""Gamma Pro"",""STD"",""4015000432047"",""2961336"",""PATTEX PRO 600 High Tack 440g"",""12"",""13.71"",""0"""
"Pattex,""Epossidiche"",""STD"",""8004630899104"",""2668472"",""PATTEX Ripara Express 6 x 5g - NEW FORMULA"",""12"",""8.69"",""0"""
"Pattex,""Epossidiche"",""STD"",""8004630889662"",""2857479"",""PATTEX Ripara Express 48g  - Ocean"",""12"",""8.65"",""0"""
"Pattex,""Epossidiche"",""STD"",""8410436181648"",""2861230"",""PATTEX Ripara Express Aquastop 48g - Ocean"",""12"",""9.09"",""0"""
"Pattex,""Epossidiche"",""STD"",""8004630897742"",""2849048"",""PATTEX Repair Extreme 8g - Ocean"",""12"",""4.51"",""0"""
"Pattex,""Epossidiche"",""STD"",""8004630889686"",""2849049"",""PATTEX Repair Extreme 20g - Ocean"",""12"",""8.34"",""0"""
"Pattex,""Epossidiche"",""STD"",""8004630892006"",""2870416"",""PATTEX Acciaio Liquido Siringa 35g - Ocean"",""6"",""7.67"",""0"""
"Pattex,""Epossidiche"",""STD"",""8004630882717"",""2864349"",""PATTEX Acciaio Liquido tubo 30g - Ocean"",""6"",""5.71"",""0"""
"Pattex,""Epossidiche"",""STD"",""8004630903474"",""2966454         "",""Ptx 2K InsMix 5min 6x11ml PS"",""6"",""6.22"",""0"""
"Pattex,""Epossidiche"",""STD"",""8004630882755"",""2937283"",""PATTEX Saldatutto Mix 28g - Ocean"",""6"",""7.60"",""0"""
"Pattex,""Epossidiche"",""STD"",""8004630882755"",""2706641"",""PATTEX Saldatutto Mix 28g - 2 strip da 6pz"",""12"",""7.60"",""0"""
"Pattex,""Epossidiche"",""STD"",""8004630882731"",""2868447"",""PATTEX Saldatutto Tubo  24g - Ocean"",""6"",""5.37"",""0"""
"Pattex,""Epossidiche"",""STD"",""8004630891986"",""2868171"",""PATTEX Marmo e Ferro tubo 30g - Ocean"",""6"",""4.79"",""0"""
"Pattex,""Mastice"",""STD"",""8004630882960"",""1419322"",""PATTEX Adesivo Trasparente 125g"",""12"",""4.44"",""0"""
"Pattex,""Mastice"",""STD"",""8004630882946"",""1419321"",""PATTEX Adesivo Trasparente 50g astuccio"",""12"",""3.24"",""0"""
"Pattex,""Mastice"",""STD"",""8004630882854"",""2843224"",""PATTEX Adesivo Trasparente 50g blister - Ocean"",""12"",""3.66"",""0"""
"Pattex,""Mastice"",""STD"",""8004630889419"",""2852282"",""PATTEX Mastice Universale 125g "",""12"",""3.69"",""0"""
"Pattex,""Mastice"",""STD"",""8004630889433"",""2852561"",""PATTEX Mastice Universale 300g - new"",""12"",""5.70"",""0"""
"Pattex,""Mastice"",""STD"",""8004630892112"",""2901467"",""PATTEX Mastice Universale 50g blister - new - Ocean"",""12"",""2.88"",""0"""
"Pattex,""Mastice"",""STD"",""8004630889396"",""2852556"",""PATTEX Mastice Universale 50g astuccio - new"",""12"",""2.66"",""0"""
"Pattex,""Mastice"",""STD"",""8004630889457"",""2852562"",""PATTEX Mastice Universale 650g - new"",""6"",""10.44"",""0"""
"Pattex,""Mastice"",""STD"",""8004630891603"",""1604264"",""PATTEX Multi Attaccatutto 20ml blister"",""12"",""1.93"",""0"""
"Pattex,""Mastice"",""STD"",""8004630891603"",""1604262"",""PATTEX Multi Attaccatutto 20ml - Marmotta  25pz"",""25"",""1.79"",""0"""
"Pattex,""Matice"",""STD"",""8004630901982"",""1501926"",""PATTEX Contact K01 1750ml"",""8"",""20.96"",""0"""
"Pattex,""Matice"",""STD"",""8004630902026"",""1501922"",""PATTEX Contact K01 850ml"",""12"",""13.08"",""0"""
"Pattex,""Speciali"",""STD"",""8004630908011"",""2863903"",""PATTEX Scarpe 30g"",""6"",""3.82"",""0"""
"Pattex,""Speciali"",""STD"",""8004630908011"",""2905032"",""PATTEX Scarpe 30g - Ocean"",""6"",""3.82"",""0"""
"Pattex,""Speciali"",""STD"",""8004630908035"",""2925325"",""PATTEX Gomma 30g - Ocean"",""6"",""3.82"",""0"""
"Pattex,""Speciali"",""STD"",""4015000417518"",""1476786"",""PATTEX Legno Restauro Scuro 50g"",""6"",""5.17"",""0"""
"Pattex,""Speciali"",""STD"",""4015000417501"",""2700462"",""PATTEX Legno Restauro Chiaro 50g"",""6"",""5.17"",""0"""
"Pattex,""Speciali"",""STD"",""8004630908073"",""2856317"",""PATTEX Pelle 30g - Ocean"",""6"",""3.82"",""0"""
"Pattex,""Speciali"",""STD"",""8004630908110"",""2849338"",""PATTEX Plastica 30g - Ocean"",""6"",""3.82"",""0"""
"Pattex,""Speciali"",""STD"",""8004630907816"",""2849134"",""PATTEX Tessuti 20g - Ocean"",""6"",""3.82"",""0"""
"Pattex,""Hot Melt"",""STD"",""8004630918867"",""2117692"",""PATTEX Hobby Pistola Hotmelt"",""6"",""18.04"",""0"""
"Pattex,""Hot Melt"",""STD"",""8004630022915"",""243424"",""PATTEX Cartuccia Trasparente 200mm"",""5"",""15.83"",""0"""
"Pattex,""Vinilica"",""STD"",""4015000414869"",""1419307"",""PATTEX Vinilica Classic 750g"",""6"",""7.58"",""0"""
"Pattex,""Vinilica"",""STD"",""4015000415439"",""1419249"",""PATTEX Vinilica Classic 5Kg"",""1"",""35.97"",""0"""
"Pattex,""Vinilica"",""STD"",""4015000414876"",""2843223"",""PATTEX Vinilica Express 75g - Ocean"",""12"",""4.89"",""0"""
"Pattex,""Vinilica"",""STD"",""4015000414890"",""1419310"",""PATTEX Vinilica Express 250g"",""12"",""7.17"",""0"""
"Pattex,""Vinilica"",""STD"",""4015000414906"",""1419311"",""PATTEX Vinilica Express 750g"",""6"",""16.31"",""0"""
"Pattex,""Vinilica"",""STD"",""8004630891887"",""1419312"",""PATTEX Vinilica Idroresistente 750g"",""6"",""12.12"",""0"""
"Pattex,""Vinilica"",""STD"",""4015000415484"",""1419270"",""PATTEX Vinilica Idroresistente 5kg"",""1"",""53.91"",""0"""
"Pattex,""Vinilica"",""STD"",""4015000415491"",""1419271"",""PATTEX Vinilica Idroresistente  10Kg"",""1"",""88.27"",""0"""
"Pattex,""Vinilica"",""STD"",""5997272384172"",""1487015"",""PATTEX Vinilica Idroresistente  30Kg"",""1"",""264.77"",""0"""
"Pattex,""Vinilica"",""STD"",""8004630889709"",""1715109"",""PATTEX Vinilica Universale 100g"",""24"",""2.02"",""0"""
"Pattex,""Vinilica"",""STD"",""8004630883219"",""1715111"",""PATTEX Vinilica Universale 1 kg"",""12"",""8.61"",""0"""
"Pattex,""Vinilica"",""STD"",""8004630912445"",""1715112"",""PATTEX Vinilica Universale 250g"",""24"",""2.78"",""0"""
"Pattex,""Vinilica"",""STD"",""8004630883233"",""1715110"",""PATTEX Vinilica Universale 5 kg"",""4"",""39.73"",""0"""
"Pattex,""Millechiodi Polimeri"",""STD"",""8004630893850"",""674281"",""PATTEX Parquet 850g"",""12"",""6.90"",""0"""
"Pattex,""Millechiodi Polimeri"",""STD"",""8004630024537"",""243636"",""PATTEX Parquet 5kg"",""4"",""34.38"",""0"""
"Pattex,""Millechiodi Polimeri"",""STD"",""8004630893874"",""674282"",""PATTEX Pavimenti e Rivestimenti 850g"",""12"",""8.13"",""0"""
"Pattex,""Millechiodi Polimeri"",""STD"",""8004630893898"",""674283"",""PATTEX Pavimenti e Rivestimenti 5kg"",""4"",""39.51"",""0"""
"Pattex,""Millechiodi Polimeri"",""STD"",""8004630910618"",""1633894"",""PATTEX Legno PU Liquid 250g"",""12"",""8.17"",""0"""
"Pattex,""Millechiodi Polimeri"",""STD"",""8004630910632"",""1633876"",""PATTEX Legno PU Liquid 750g"",""6"",""20.68"",""0"""
"Pattex,""Nastri"",""STD"",""8004630889914"",""1669038"",""PATTEX Power Tape Bianco 50mmx10m"",""12"",""6.97"",""0"""
"Pattex,""Nastri"",""STD"",""8004630888542"",""2893898"",""PATTEX Power Tape Bianco 50mmx5m - Ocean"",""12"",""5.22"",""0"""
"Pattex,""Nastri"",""STD"",""8004630888429"",""2893897"",""PATTEX Power Tape Grigio 50mmx5m - Ocean"",""12"",""5.22"",""0"""
"Pattex,""Nastri"",""STD"",""8004630888443"",""1669712"",""PATTEX Power Tape Grigio 50mmx10m"",""12"",""6.97"",""0"""
"Pattex,""Nastri"",""STD"",""8004630888467"",""1669710"",""PATTEX Power Tape Grigio 50mmx25m"",""12"",""12.27"",""0"""
"Pattex,""Nastri"",""STD"",""8004630889938"",""1669042"",""PATTEX Power Tape Nero 50mmx10m"",""12"",""6.97"",""0"""
"Pattex,""Nastri"",""STD"",""8004630888566"",""2893899"",""PATTEX Power Tape Nero 50mmx5m - Ocean"",""12"",""5.22"",""0"""
"Pattex,""Nastri"",""STD"",""8004630885510"",""715149"",""PATTEX 22500 - Biadesivo Universale 19mmx25m"",""48"",""3.44"",""0"""
"Pattex,""Nastri"",""STD"",""8004630892952"",""715150"",""PATTEX 22500 - Biadesivo Universale 25mmx25m"",""36"",""4.85"",""0"""
"Pattex,""Nastri"",""STD"",""8004630885534"",""715151"",""PATTEX 22500 - Biadesivo Universale 50mmx25m"",""18"",""8.98"",""0"""
"Pattex,""Nastri"",""STD"",""8004630885572"",""715153"",""PATTEX 25000 - Biadesivo Telato 50mmx25m"",""24"",""11.77"",""0"""
"Pattex,""Nastri"",""STD"",""8000053131432"",""715155"",""PATTEX 30000 Soft Biadesivo 19mmx10m"",""20"",""12.16"",""0"""
"Pattex,""Nastri"",""STD"",""8004630885596"",""715156"",""PATTEX 30000 Soft Biadesivo 25mmx10m"",""18"",""16.17"",""0"""
"Pattex,""Nastri"",""STD"",""8004630886920"",""2847048"",""PATTEX Biadesivo Power Fix Brico 19mmx1,5m - Ocean"",""12"",""3.16"",""0"""
"Pattex,""Nastri"",""STD"",""8004630886920"",""2624465"",""PATTEX Biadesivo Power Fix Brico 19mmx1,5m - strip"",""12"",""3.16"",""0"""
"Pattex,""Nastri"",""STD"",""8000053132279"",""2857493"",""PATTEX Biadesivo Soffice  25mmx1,5m - Ocean"",""12"",""4.04"",""0"""
"Pattex,""Nastri"",""STD"",""8000053131784"",""2847046"",""PATTEX Biadesivo Tassello  25mmx12mm - Ocean"",""24"",""2.35"",""0"""
"Pattex,""Nastri"",""STD"",""8000053132262"",""2857477"",""PATTEX Biadesivo Trasparente 15mmx10m - Ocean"",""12"",""2.37"",""0"""
"Pattex,""Nastri"",""STD"",""8000053134259"",""715159"",""PATTEX Biadesivo Moquette e Tappeti 50mmx25m"",""12"",""11.49"",""0"""
"Pattex,""Nastri"",""STD"",""8004630895441"",""2857838"",""PATTEX Millechiodi Tape 19mmx1,5m - Ocean"",""12"",""7.29"",""0"""
"Pattex,""Nastri"",""STD"",""8004630895441"",""1922264"",""PATTEX Millechiodi Tape 19mmx1,5m - Strip 12pz"",""12"",""7.29"",""0"""
"Pattex,""Nastri"",""STD"",""8004630899401"",""1415614"",""PATTEX Millechiodi Tape Removibile 10 Strisce"",""12"",""4.81"",""0"""
"Pattex,""Sigillanti"",""STD"",""8004630891849"",""2679541"",""PATTEX Bagno Sano Rinnova Fughe"",""12"",""8.09"",""0"""
"Pattex,""Sigillanti"",""STD"",""8000053131265"",""2668400"",""PATTEX Bagno Sano Ripara Smalto"",""6"",""5.66"",""0"""
"Pattex,""Sigillanti"",""STD"",""8004630926961"",""2760634"",""PATTEX Re-New Bianco 80ml crt standard"",""12"",""5.86"",""0"""
"Pattex,""Sigillanti"",""STD"",""8004630926961"",""2838723"",""PATTEX Re-New Bianco 80ml palbox 60pz"",""60"",""5.86"",""0"""
"Pattex,""Sigillanti"",""STD"",""8004630926961"",""2776116"",""PATTEX Re-New Bianco 80ml strip 2x6pz"",""12"",""5.86"",""0"""
"Pattex,""Sigillanti"",""STD"",""8004630922468"",""2589876"",""PATTEX Re-new Bianco Cartuccia 280ml - Cartone 12pz"",""12"",""9.40"",""0"""
"Pattex,""Sigillanti"",""STD"",""8004630923137"",""2647966"",""PATTEX Sigillanti Light Bagni&Cucine blister 50ml"",""12"",""3.61"",""0"""
"Pattex,""Sigillanti"",""STD"",""8004630923175"",""2648093"",""PATTEX Sigillanti Light Esterni blister 50ml"",""12"",""3.61"",""0"""
"Pattex,""Sigillanti"",""STD"",""8004630923151"",""2648090"",""PATTEX Sigillanti Light Interni blister 50ml"",""12"",""3.10"",""0"""
"Pattex,""Sigillanti"",""STD"",""8000053133818"",""2647228"",""PATTEX Sigillanti Light Esterni cartuccia 280ml"",""12"",""5.67"",""0"""
"Pattex,""Sigillanti"",""STD"",""8004630892532"",""2647234"",""PATTEX Sigillanti Light Bagni&Cucine cartuccia 280ml"",""12"",""5.67"",""0"""
"Pattex,""Sigillanti"",""STD"",""8004630892556"",""2674851"",""PATTEX Sigillanti Light Interni cartuccia 280ml"",""12"",""4.53"",""0"""
"Pattex,""Sigillanti"",""STD"",""8004630936076"",""3051461"",""Pattex Bagni e Cucine Bianco Kiwi 100ml*6"",""6"",""5.40"",""0"""
"Pattex,""Sigillanti"",""STD"",""8004630936113"",""3051595"",""Pattex Esterni Transp Kiwi 100ml*6"",""6"",""5.40"",""0"""
"Pattex,""Sigillanti"",""STD"",""8004630928446"",""2814242"",""PATTEX Bagni&Cucine Original Bianco 50ml - Ocean"",""12"",""3.86"",""0"""
"Pattex,""Sigillanti"",""STD"",""4015000405799"",""2717826"",""PATTEX Bagni&Cucine Original Bianco 150ml"",""12"",""4.93"",""0"""
"Pattex,""Sigillanti"",""STD"",""8004630928521"",""2814420"",""PATTEX Bagni&Cucine Original Trasparente 50ml - Ocean"",""12"",""4.96"",""0"""
"Pattex,""Sigillanti"",""STD"",""8004630900299"",""2717827"",""PATTEX Bagni&Cucine Original Bianco 280ml "",""12"",""5.27"",""0"""
"Pattex,""Sigillanti"",""STD"",""8004630900299"",""3032437"",""PATTEX Bagni&Cucine Original Bianco 280ml - NGC"",""12"",""5.27"",""0"""
"Pattex,""Sigillanti"",""STD"",""8004630900275"",""2717830"",""PATTEX Bagni&Cucine Original Trasparente 280ml "",""12"",""5.27"",""0"""
"Pattex,""Sigillanti"",""STD"",""8004630900275"",""3032786"",""PATTEX Bagni&Cucine Original Trasparente 280ml - NGC"",""12"",""5.27"",""0"""
"Pattex,""Sigillanti"",""STD"",""8004630906239"",""2717863"",""PATTEX Bagni&Cucine Rapido Trasparente 300ml"",""12"",""9.17"",""0"""
"Pattex,""Sigillanti"",""STD"",""8004630928408"",""2814153"",""PATTEX Bagni&Cucine 3x Protection Bianco 50ml - Ocean"",""12"",""6.19"",""0"""
"Pattex,""Sigillanti"",""STD"",""8004630905072"",""2717864"",""PATTEX Bagni&Cucine 3x Protection Bianco 300ml"",""12"",""9.67"",""0"""
"Pattex,""Sigillanti"",""STD"",""8004630925223"",""2717865"",""PATTEX Bagni&Cucine Premium Trasparente 280ml"",""12"",""9.67"",""0"""
"Pattex,""Sigillanti"",""STD"",""8004630928569"",""2814719"",""PATTEX Universale Trasparente 12x50ml - Ocean"",""12"",""3.36"",""0"""
"Pattex,""Sigillanti"",""Ad Hoc"",""8004630928361"",""2813867"",""PATTEX Universale Trasparente 6x50ml - Ocean"",""6"",""3.36"",""0"""
"Pattex,""Sigillanti"",""STD"",""8410436254267"",""2722742"",""PATTEX Universale Trasparente 280ml "",""12"",""5.25"",""0"""
"Pattex,""Sigillanti"",""STD"",""8410436254267"",""3032791"",""PATTEX Universale Trasparente 280ml - NGC"",""12"",""5.25"",""0"""
"Pattex,""Sigillanti"",""STD"",""8410436254366"",""2717866"",""PATTEX Universale Bianco 280ml"",""12"",""5.25"",""0"""
"Pattex,""Sigillanti"",""STD"",""8410436254366"",""3032787"",""PATTEX Universale Bianco 280ml - NGC"",""12"",""5.25"",""0"""
"Pattex,""Sigillanti"",""STD"",""8004630925506"",""2719763"",""PATTEX  FleXtreme Nero 280ml"",""12"",""10.00"",""0"""
"Pattex,""Sigillanti"",""STD"",""8004630925575"",""2717868"",""PATTEX FleXtreme Bianco 280ml"",""12"",""10.00"",""0"""
"Pattex,""Sigillanti"",""STD"",""8004630925599"",""2719764"",""PATTEX FleXtremeTrasparente 280ml"",""12"",""10.91"",""0"""
"Pattex,""Sigillanti"",""STD"",""8004630925988"",""2727605"",""PATTEX Legno&Parquet Rovere chiaro 280ml"",""12"",""5.19"",""0"""
"Pattex,""Sigillanti"",""STD"",""8004630926022"",""2727606"",""PATTEX Legno&Parquet Rovere scuro 280ml"",""12"",""5.19"",""0"""
"Pattex,""Sigillanti"",""STD"",""8004630926060"",""2727607"",""PATTEX Legno&Parquet Noce 280ml"",""12"",""5.19"",""0"""
"Pattex,""Sigillanti"",""STD"",""8004630926107"",""2727608"",""PATTEX Legno&Parquet Mogano 280ml"",""12"",""5.19"",""0"""
"Pattex,""Sigillanti"",""STD"",""8004630926145"",""2727609"",""PATTEX Legno&Parquet Ciliegio 280ml"",""12"",""5.19"",""0"""
"Pattex,""Sigillanti"",""STD"",""8004630928200"",""2813664"",""PATTEX Muri&Fessure Bianco 50ml - Ocean"",""12"",""3.09"",""0"""
"Pattex,""Sigillanti"",""STD"",""8004630900404"",""1793783"",""PATTEX Muri&Fessure Grigio 280ml "",""12"",""3.91"",""0"""
"Pattex,""Sigillanti"",""STD"",""8004630900428"",""1797698"",""PATTEX Muri&Fessure Bianco 280ml "",""12"",""3.91"",""0"""
"Pattex,""Sigillanti"",""STD"",""8004630900374"",""2717869"",""PATTEX Finestre&Infissi Trasparente 280ml"",""12"",""6.83"",""0"""
"Pattex,""Sigillanti"",""STD"",""8004630900312"",""2719765"",""PATTEX Finestre&Infissi Bianco 280ml"",""12"",""6.83"",""0"""
"Pattex,""Sigillanti"",""STD"",""8004630900350"",""2719766"",""PATTEX Finestre&Infissi Grigio 280ml"",""12"",""6.83"",""0"""
"Pattex,""Sigillanti"",""STD"",""8004630900336"",""2719767"",""PATTEX Finestre&Infissi Marrone 280ml"",""12"",""6.83"",""0"""
"Pattex,""Sigillanti"",""STD"",""8004630928286"",""2813803"",""PATTEX Vetri Trasparente 50ml - Ocean"",""12"",""4.74"",""0"""
"Pattex,""Sigillanti"",""STD"",""8410436254427"",""2719768"",""PATTEX Vetri Trasparente 280ml"",""12"",""7.34"",""0"""
"Pattex,""Sigillanti"",""STD"",""8004630926367"",""2728816"",""PATTEX BBQ&Caminetti Nero 80ml"",""12"",""6.36"",""0"""
"Pattex,""Sigillanti"",""STD"",""8410436254472"",""2719769"",""PATTEX BBQ&Caminetti Grigio 280ml"",""12"",""8.86"",""0"""
"Pattex,""Sigillanti"",""STD"",""8004630926428"",""2734663"",""PATTEX Alte Temperature Rosso 70ml "",""24"",""6.48"",""0"""
"Pattex,""Sigillanti"",""STD"",""8004630926282"",""2728224"",""PATTEX Alte Temperature Rosso 280ml "",""12"",""10.60"",""0"""
"Pattex,""Sigillanti"",""STD"",""8004630928248"",""2813708"",""PATTEX Auto&Nautica Nero 50ml - Ocean"",""12"",""4.50"",""0"""
"Pattex,""Sigillanti"",""STD"",""8004630926329"",""2728225"",""PATTEX Auto&Nautica Nero 280ml"",""12"",""7.26"",""0"""
"Pattex,""Box"",""STD"",""8004630900299"",""3079365"",""PATTEX Heavy Range 48pz- NGC"",""48"",""5.27"",""0"""
"Pattex,""Sigillanti"",""STD"",""8004630912384"",""1713244"",""PATTEX Silicone Universale Trasparente 280ml"",""25"",""4.54"",""0"""
"Pattex,""Sigillanti"",""STD"",""8004630912384"",""3032783"",""PATTEX Silicone Universale 280ml trasparente - NGC"",""25"",""4.54"",""0"""
"Pattex,""Sigillanti"",""STD"",""8004630912360"",""1713248"",""PATTEX Silicone Universale Bianco 280ml"",""25"",""4.50"",""0"""
"Pattex,""Sigillanti"",""STD"",""8004630912360"",""3032785"",""PATTEX Silicone Universale Bianco 280ml- NGC"",""25"",""4.50"",""0"""
"Pattex,""Sigillanti"",""STD"",""8004630919642"",""2236271"",""PATTEX Sigillante Universale Trasparente Bi-pack 280ml "",""6"",""9.06"",""0"""
"Pattex,""Sigillanti"",""STD"",""8004630929245"",""2845136"",""PATTEX Sigillante Acrilico verniciabile bianco Bipack 300ml"",""6"",""5.25"",""0"""
"Pattex,""Sigillanti"",""STD"",""8004630921041"",""2708054"",""PATTEX SP101 Original Nero 25pz"",""25"",""10.24"",""0"""
"Pattex,""Sigillanti"",""STD"",""8410020407390"",""2708066"",""PATTEX SP101 Original Marrone 25pz"",""25"",""10.24"",""0"""
"Pattex,""Sigillanti"",""STD"",""8004630921027"",""2708057"",""PATTEX SP101 Original Grigio25pz"",""25"",""10.24"",""0"""
"Pattex,""Sigillanti"",""STD"",""8004630921003"",""2708060"",""PATTEX SP101 Original Bianco 25pz"",""25"",""10.24"",""0"""
"Pattex,""Sigillanti"",""STD"",""8410436035378"",""2884674"",""PATTEX SP101 Trasparente 25pz"",""25"",""11.15"",""0"""
"Pattex,""Sigillanti"",""STD"",""8004630915897"",""2708051"",""PATTEX SP101 Testa moro 280ml 25pz"",""25"",""10.24"",""0"""
"Pattex,""Sigillanti Heavy"",""STD"",""8004630903658"",""1536073"",""PATTEX AC 401 Flexo Pac Giunti e Crepe Bianco 300ml"",""25"",""3.57"",""0"""
"Pattex,""Sigillanti Heavy"",""STD"",""8004630903634"",""1536072"",""PATTEX AC 401 Flexo Pac Giunti e Crepe Grigio 300ml"",""25"",""3.57"",""0"""
"Pattex,""Sigillanti Heavy"",""STD"",""8004630904143"",""1536074"",""PATTEX AC 403 Sigil One Trasparente  300ml"",""12"",""4.47"",""0"""
"Pattex,""Sigillanti Heavy"",""STD"",""8004630904129"",""1536075"",""PATTEX AC 405 Acril Muro Bianco 300ml"",""25"",""5.78"",""0"""
"Pattex,""Sigillanti Heavy"",""STD"",""4015000407328"",""1948350"",""PATTEX Acril1 Bianco 300ml"",""25"",""2.53"",""0"""
"Pattex,""Sigillanti Heavy"",""STD"",""4015000407311"",""2647233"",""PATTEX Acril1 Grigio 300ml"",""25"",""2.53"",""0"""
"Pattex,""Sigillanti Heavy"",""STD"",""8004630887262"",""1536071"",""PATTEX PU 198 Bianco 310ml"",""12"",""7.64"",""0"""
"Pattex,""Sigillanti Heavy"",""STD"",""8000053133979"",""1536070"",""PATTEX PU 198 Grigio 310ml"",""12"",""7.64"",""0"""
"Pattex,""Sigillanti Heavy"",""STD"",""8004630888986"",""1525389"",""PATTEX RF 999 Camini e Stufe Grigio 300ml"",""12"",""9.39"",""0"""
"Pattex,""Sigillanti Heavy"",""STD"",""8004630903610"",""1534266"",""PATTEX Silicon 5 Bianco 300ml"",""25"",""5.85"",""0"""
"Pattex,""Sigillanti Heavy"",""STD"",""8004630903610"",""V"",""PATTEX Silicon 5 Bianco 300ml -NGC"",""25"",""5.85"",""0"""
"Pattex,""Sigillanti Heavy"",""STD"",""8004630903764"",""1536082"",""PATTEX SL 500 Marrone 300ml"",""12"",""5.74"",""0"""
"Pattex,""Sigillanti Heavy"",""STD"",""8004630903801"",""1536084"",""PATTEX SL 500 Multiuso Avorio RAL 1013 300ml"",""12"",""5.74"",""0"""
"Pattex,""Sigillanti Heavy"",""STD"",""8004630903849"",""1536086"",""PATTEX SL 500 Multiuso Bianco 300ml"",""25"",""5.06"",""0"""
"Pattex,""Sigillanti Heavy"",""STD"",""8004630903788"",""1536083"",""PATTEX SL 500 Multiuso Grigio 300ml"",""12"",""5.74"",""0"""
"Pattex,""Sigillanti Heavy"",""STD"",""8004630903825"",""1536085"",""PATTEX SL 500 Multiuso Trasparente 300ml"",""25"",""5.06"",""0"""
"Pattex,""Sigillanti Heavy"",""STD"",""8004630903740"",""1536081"",""PATTEX SL 500 Nero 300ml"",""12"",""5.74"",""0"""
"Pattex,""Sigillanti Heavy"",""STD"",""8004630904280"",""2716253"",""PATTEX SL 501 Termoidraulica Bianco RAL 9016 300ml"",""25"",""5.94"",""0"""
"Pattex,""Sigillanti Heavy"",""STD"",""8004630904266"",""2716252"",""PATTEX SL 501 Termoidraulica Trasparente 300ml"",""25"",""5.78"",""0"""
"Pattex,""Sigillanti Heavy"",""STD"",""8004630904228"",""2716254"",""PATTEX SL 503 Vetri Trasparente 300ml"",""25"",""6.39"",""0"""
"Pattex,""Sigillanti Heavy"",""STD"",""8410020405044"",""1533279"",""PATTEX SL 507 Trasparente 300ml"",""12"",""6.90"",""0"""
"Pattex,""Sigillanti Heavy"",""STD"",""8410020404900"",""2716255"",""PATTEX SL 509 Alta Temperatura Nero 300ml"",""12"",""10.93"",""0"""
"Pattex,""Sigillanti Heavy"",""STD"",""8004630904303"",""2716256"",""PATTEX SL 509 Alta Temperatura Rosso 300ml"",""12"",""10.93"",""0"""
"Pattex,""Sigillanti Heavy"",""STD"",""8000053133467"",""2716257"",""PATTEX SL 509 Alta Temperatura Rosso 70ml"",""24"",""6.37"",""0"""
"Pattex,""Sigillanti Heavy"",""STD"",""8004630904860"",""2784474"",""PATTEX SL 618 Specchi Trasparente 300ml  (ex 1535859)"",""25"",""8.67"",""0"""
"Pattex,""Sigillanti Heavy"",""STD"",""8004630904907"",""1534717"",""PATTEX SL 619 Plastiche Trasparente 300ml"",""12"",""8.59"",""0"""
"Pattex,""Sigillanti Heavy"",""STD"",""4015000438469"",""2111588"",""PATTEX Fusion XLT Universale 300ml Bianco"",""12"",""9.02"",""0"""
"Pattex,""Sigillanti Heavy"",""STD"",""8410436282680"",""2111589"",""PATTEX Fusion XLT Universale 300ml Trasparente"",""12"",""9.45"",""0"""
"Pattex,""Sigillanti Heavy"",""STD"",""8004630904785"",""2784471"",""Pattex PRO SL620 ALU RAL 9006 300mlx12"",""12"",""7.71"",""0"""
"Pattex,""Sigillanti Heavy"",""STD"",""8004630904808"",""2111730"",""PATTEX SL 620 Fusion SERRAMENTI E EDILIZIA AVORIO RAL 1013 "",""12"",""7.71"",""0"""
"Pattex,""Sigillanti Heavy"",""STD"",""8004630904617"",""2111312"",""PATTEX SL 620 Fusion SERRAMENTI E EDILIZIA BIANCO RAL 9016 "",""25"",""7.71"",""0"""
"Pattex,""Sigillanti Heavy"",""STD"",""8004630904679"",""2111583"",""PATTEX SL 620 Fusion SERRAMENTI E EDILIZIA GRIGIO RAL 7004"",""12"",""5.94"",""0"""
"Pattex,""Sigillanti Heavy"",""STD"",""8410436110822"",""2801163  "",""Pattex PRO SL620 Grey RAL7011 300ml x 12"",""12"",""7.71"",""0"""
"Pattex,""Sigillanti Heavy"",""STD"",""8004630904655"",""2784450"",""Pattex PRO SL620 Brown RAL 8014 300mlx12"",""12"",""7.71"",""0"""
"Pattex,""Sigillanti Heavy"",""STD"",""8004630904846"",""2111313"",""PATTEX SL 620 Fusion SERRAMENTI E EDILIZIA MARRONE RAME RAL 8004 "",""12"",""7.71"",""0"""
"Pattex,""Sigillanti Heavy"",""STD"",""8004630904761"",""2111338"",""PATTEX SL 620 Fusion SERRAMENTI E EDILIZIA NERO RAL 9004"",""12"",""5.94"",""0"""
"Pattex,""Sigillanti Heavy"",""STD"",""8004630904730"",""2111573"",""PATTEX SL 620 Fusion SERRAMENTI E EDILIZIA TRASPARENTE"",""25"",""7.71"",""0"""
"Pattex,""Schiuma"",""STD"",""8004630916733"",""2011024"",""PATTEX 2x2 Foam 750mlx12"",""12"",""14.61"",""0"""
"Pattex,""Schiuma"",""STD"",""8004630902316"",""1540585"",""PATTEX PU Foam FR77 Antifuoco 750ml"",""12"",""34.92"",""0"""
"Pattex,""Schiuma"",""STD"",""8004630023769"",""2950140"",""PATTEX PU Foam PF 100 500ml (ex 1540586)"",""12"",""7.56"",""0"""
"Pattex,""Schiuma"",""STD"",""8000053131517"",""2904141"",""PATTEX PU Foam PF 100 750ml (ex 1540587)"",""12"",""9.74"",""0"""
"Pattex,""Schiuma"",""STD"",""8004630890996"",""2926626"",""PATTEX PU Foam PF 100 per Pistola 750ml (ex 1540588)"",""12"",""10.84"",""0"""
"Pattex,""Schiuma"",""STD"",""8004630023776"",""1540589"",""PATTEX PU Foam PF 200 750ml"",""12"",""10.40"",""0"""
"Pattex,""Schiuma"",""STD"",""8004630931798"",""2948627"",""PATTEX PU Foam PF 200 750ml"",""12"",""10.40"",""0"""
"Pattex,""Schiuma"",""STD"",""8004630902613"",""1540581"",""PATTEX PU Foam PF 320 750ml"",""12"",""11.05"",""0"""
"Pattex,""Schiuma"",""STD"",""8004630904433"",""1540610"",""PATTEX PU Foam PF 320 per Pistola 750ml"",""12"",""11.82"",""0"""
"Pattex,""Schiuma"",""STD"",""8000053133948"",""1541172"",""PATTEX PU Solvent 500ml"",""12"",""11.30"",""0"""
"Metyland,""Parati"",""STD"",""8410436134842"",""1560573"",""METYLAN Liquido concentrato 500g"",""12"",""15.46"",""0"""
"Metyland,""Parati"",""STD"",""8004630026005"",""2928105"",""METYLAN Instant 180g"",""20"",""13.45"",""0"""
"Metyland,""Parati"",""STD"",""8004630026012"",""1697348"",""METYLAN Sichozell Kleister 125g"",""40"",""7.39"",""0"""
"Metyland,""Parati"",""STD"",""8410020401282"",""2928111"",""METYLAN Spezial 180g"",""40"",""12.18"",""0"""
"Metyland,""Parati"",""STD"",""8410020401275"",""223066"",""METYLAN Universale 125g"",""40"",""7.42"",""0"""
"Metyland,""Parati"",""STD"",""8004630912063"",""1697414"",""METYLAN Isolit 7kg"",""1"",""32.46"",""0"""
"Metyland,""Parati"",""STD"",""8004630912049"",""1697377"",""METYLAN Isolit 925g"",""12"",""5.95"",""0"""
"Metyland,""Parati"",""STD"",""8004630023462"",""1697362"",""METYLAN Ovalit 5kg"",""1"",""36.05"",""0"""
"Metyland,""Parati"",""STD"",""8004630023455"",""1697355"",""METYLAN Ovalit 750g"",""12"",""7.06"",""0"""
"Metyland,""Parati"",""STD"",""8004630912018"",""1697368"",""METYLAN Saxit 4kg"",""4"",""37.30"",""0"""
"Metyland,""Parati"",""STD"",""8004630912032"",""1697372"",""METYLAN Saxit 6kg"",""1"",""51.75"",""0"""
"Metyland,""Parati"",""STD"",""8004630911998"",""1697366"",""METYLAN Saxit 900g"",""12"",""9.18"",""0"""
"Metyland,""Parati"",""STD"",""8004630912087"",""1697386"",""METYLAN Defix 500ml"",""12"",""7.70"",""0"""
"Tangit,""Tangit"",""STD"",""4015000785983"",""402221"",""TANGIT per PVC-U 12x125g"",""12"",""8.56"",""0"""
"Tangit,""Tangit"",""STD"",""4015000095334"",""420283"",""TANGIT per PVC-U 1Kg"",""12"",""40.86"",""0"""
"Tangit,""Tangit"",""STD"",""8410020004070"",""415903"",""TANGIT per PVC-U 500g"",""12"",""23.45"",""0"""
"Tangit,""Tangit"",""STD"",""8410020004063"",""34949"",""TANGIT per PVC-U con Pennello 250g"",""12"",""13.71"",""0"""
"Tangit,""Tangit"",""STD"",""8410020009761"",""298585"",""TANGIT per PVC-U con Pennello 500g"",""12"",""26.17"",""0"""
"Tangit,""Tangit"",""STD"",""8004630927340"",""2770760"",""Tangit THF Free 125g* 12"",""12"",""8.56"",""0"""
"Tangit,""Tangit"",""STD"",""8410436483797"",""3006798"",""Tangit PVC-U PLUS Brush 250g*12"",""12"",""13.71"",""0"""
"Tangit,""Tangit"",""STD"",""8410436483858"",""3006799"",""Tangit PVC-U PLUS Brush 500g*12"",""12"",""23.45"",""0"""
"Tangit,""Tangit"",""STD"",""8410436483919"",""3006831"",""Tangit PVC-U PLUS Brush 1kg*6"",""6"",""40.86"",""0"""
"Tangit,""Tangit"",""STD"",""8004630932177"",""2960103"",""TANGIT Uni-lock 80m (ex 2055955)"",""20"",""11.76"",""0"""
"Tangit,""Tangit"",""STD"",""8004630898145"",""2055926"",""TANGIT Uni-lock 160m"",""20"",""17.91"",""0"""
"Tangit,""Tangit"",""STD"",""8004630898930"",""2920215"",""TANGIT Sigillaraccordi Metallo 50ml"",""12"",""26.76"",""0"""
"Tangit,""Tangit"",""STD"",""8004630025558"",""243462"",""TANGIT KS 1l"",""8"",""14.08"",""0"""
"Tangit,""Tangit"",""STD"",""8410436288408"",""2136315"",""TANGIT PVC-U/C/ABS Cleaner 1L"",""12"",""22.20"",""0"""
"Tangit,""Tangit"",""STD"",""8410436306997"",""2198905"",""TANGIT FIX IT TAPE 3m"",""8"",""7.54"",""0"""
